,#,"Country,Other",TotalCases,NewCases,TotalDeaths,NewDeaths,TotalRecovered,NewRecovered,ActiveCases,"Serious,Critical",Tot Cases/1M pop,Deaths/1M pop,TotalTests,"Tests/
1M pop
",Population,Continent,1 Caseevery X ppl,1 Deathevery X ppl,1 Testevery X ppl
0,,World,"144,133,088","+588,907","3,064,673","+7,692","122,586,006","+432,002","18,482,409","109,445","18,491",393.2,,,,All,"
",,
1,1,USA,"32,551,107","+14,637","582,665 ",+209,"25,108,546","+3,011","6,859,896","10,036","97,881","1,752","432,173,530","1,299,541","332,558,517 ",North America,10,571,1
2,2,India,"15,880,534","+271,530","184,168 ","+1,598","13,405,177","+135,314","2,291,189","8,944","11,418",132,"271,053,392","194,881","1,390,864,355 ",Asia,88,"7,552",5
3,3,Brazil,"14,050,885",,"378,530 ",,"12,561,689",,"1,110,666","8,318","65,729","1,771","28,600,000","133,789","213,770,046 ",South America,15,565,7
4,4,France,"5,339,920",,"101,597 ",,"4,181,006",,"1,057,317","5,984","81,663","1,554","72,873,077","1,114,447","65,389,433 ",Europe,12,644,1
5,5,Russia,"4,727,125","+8,271","106,706 ",+399,"4,352,873","+9,644","267,546","2,300","32,381",731,"126,500,000","866,529","145,984,714 ",Europe,31,"1,368",1
6,6,Turkey,"4,446,591","+61,967","36,975 ",+362,"3,844,342","+52,213","565,274","3,398","52,273",435,"44,728,595","525,815","85,065,229 ",Asia,19,"2,301",2
7,7,UK,"4,395,703","+2,396","127,327 ",+22,"4,166,734","+5,301","101,642",300,"64,480","1,868","146,043,397","2,142,281","68,171,922 ",Europe,16,535,0
8,8,Italy,"3,904,899","+13,844","117,997 ",+364,"3,311,267","+20,552","475,635","3,076","64,661","1,954","55,885,251","925,400","60,390,385 ",Europe,15,512,1
9,9,Spain,"3,446,072","+10,232","77,364 ",+148,"3,151,587","+4,306","217,121","2,288","73,682","1,654","44,374,223","948,789","46,769,321 ",Europe,14,605,1
10,10,Germany,"3,200,025","+19,215","81,308 ",+222,"2,824,100","+20,500","294,617","4,932","38,096",968,"52,737,238","627,833","83,998,886 ",Europe,26,"1,033",2
11,11,Argentina,"2,743,620",,"59,792 ",,"2,407,853",,"275,975","4,366","60,263","1,313","10,320,622","226,688","45,527,815 ",South America,17,761,4
12,12,Poland,"2,718,493","+13,926","63,473 ",+740,"2,366,230","+11,578","288,790","3,265","71,892","1,679","13,767,550","364,093","37,813,307 ",Europe,14,596,3
13,13,Colombia,"2,684,101",,"69,177 ",,"2,505,738",,"109,186","5,306","52,304","1,348","13,978,773","272,401","51,316,864 ",South America,19,742,4
14,14,Iran,"2,311,813","+24,886","67,913 ",+388,"1,823,958","+13,427","419,942","4,991","27,245",800,"14,739,719","173,710","84,852,500 ",Asia,37,"1,249",6
15,15,Mexico,"2,311,172","+4,262","213,048 ",+582,"1,836,377","+3,245","261,747","4,798","17,776","1,639","6,438,267","49,519","130,016,760 ",North America,56,610,20
16,16,Ukraine,"1,974,118","+12,162","40,796 ",+429,"1,514,472","+14,720","418,850",177,"45,359",937,"8,996,039","206,699","43,522,336 ",Europe,22,"1,067",5
17,17,Peru,"1,719,088",,"57,954 ",,"1,645,100",,"16,034","2,580","51,564","1,738","10,524,419","315,680","33,338,918 ",South America,19,575,3
18,18,Indonesia,"1,620,569","+5,720","44,007 ",+230,"1,475,456","+7,314","101,106",,"5,875",160,"14,032,928","50,874","275,838,089 ",Asia,170,"6,268",20
19,19,Czechia,"1,609,861","+3,787","28,711 ",+28,"1,517,774",+206,"63,376",861,"150,105","2,677","16,239,529","1,514,185","10,724,928 ",Europe,7,374,1
20,20,South Africa,"1,568,366",,"53,887 ",,"1,494,630",,"19,849",546,"26,180",900,"10,379,089","173,255","59,906,596 ",Africa,38,"1,112",6
21,21,Netherlands,"1,426,243","+8,471","16,983 ",+18,"1,190,841","+6,234","218,419",817,"83,089",989,"11,781,337","686,346","17,165,301 ",Europe,12,"1,011",1
22,22,Canada,"1,144,474","+5,431","23,750 ",+37,"1,033,016","+5,558","87,708","1,167","30,112",625,"30,168,562","793,761","38,007,134 ",North America,33,"1,600",1
23,23,Chile,"1,141,403","+4,968","25,353 ",+36,"1,074,827","+7,165","41,223","3,401","59,301","1,317","12,508,296","649,862","19,247,606 ",South America,17,759,2
24,24,Romania,"1,037,009","+3,006","26,793 ",+175,"954,868","+4,626","55,348","1,436","54,196","1,400","7,985,507","417,338","19,134,403 ",Europe,18,714,2
25,25,Iraq,"1,001,854","+8,696","15,098 ",+38,"877,309","+6,382","109,447",517,"24,470",369,"8,938,639","218,328","40,941,346 ",Asia,41,"2,712",5
26,26,Philippines,"962,307","+9,227","16,265 ",+124,"829,608","+19,699","116,434",750,"8,689",147,"11,294,085","101,981","110,746,960 ",Asia,115,"6,809",10
27,27,Belgium,"955,056","+3,430","23,834 ",+52,"813,224","+9,030","117,998",946,"82,120","2,049","12,051,821","1,036,263","11,630,075 ",Europe,12,488,1
28,28,Sweden,"924,340",,"13,863 ",+35,"744,405","+2,653","166,072",416,"91,070","1,366","8,151,774","803,151","10,149,737 ",Europe,11,732,1
29,29,Israel,"837,479",+122,"6,346 ",+1,"829,117",+215,"2,016",173,"91,054",690,"14,014,683","1,523,734","9,197,590 ",Asia,11,"1,449",1
30,30,Portugal,"832,255",+610,"16,952 ",+1,"790,650",+532,"24,653",110,"81,812","1,666","9,948,775","977,977","10,172,808 ",Europe,12,600,1
31,31,Pakistan,"772,381","+5,499","16,600 ",+147,"672,619","+5,488","83,162","4,528","3,443",74,"11,319,832","50,465","224,312,593 ",Asia,290,"13,513",20
32,32,Hungary,"757,360","+2,527","25,787 ",+207,"464,750","+3,569","266,823",925,"78,559","2,675","5,179,517","537,259","9,640,633 ",Europe,13,374,2
33,33,Bangladesh,"732,060","+4,280","10,683 ",+95,"635,183","+7,072","86,194",,"4,410",64,"5,249,683","31,624","166,002,634 ",Asia,227,"15,539",32
34,34,Jordan,"695,390","+3,209","8,429 ",+57,"654,493","+4,775","32,468",729,"67,617",820,"6,546,769","636,585","10,284,207 ",Asia,15,"1,220",2
35,35,Serbia,"670,801","+2,864","6,095 ",+37,"604,174","+4,794","60,532",228,"77,023",700,"3,726,602","427,899","8,709,068 ",Europe,13,"1,429",2
36,36,Switzerland,"642,131","+2,686","10,536 ",+4,"573,786","+1,209","57,809",226,"73,763","1,210","6,663,629","765,465","8,705,330 ",Europe,14,826,1
37,37,Austria,"600,089","+2,523","9,997 ",+38,"563,256","+2,764","26,836",557,"66,326","1,105","29,335,166","3,242,318","9,047,592 ",Europe,15,905,0
38,38,Japan,"541,496","+4,342","9,710 ",+39,"488,944","+2,868","42,842",791,"4,292",77,"11,079,602","87,818","126,165,185 ",Asia,233,"12,993",11
39,39,Lebanon,"515,088","+2,082","7,027 ",+32,"433,987","+1,439","74,074",721,"75,739","1,033","3,870,650","569,141","6,800,861 ",Asia,13,968,2
40,40,Morocco,"507,338",+669,"8,969 ",+10,"493,353",+628,"5,016",218,"13,616",241,"6,186,340","166,030","37,260,477 ",Africa,73,"4,154",6
41,41,UAE,"502,791","+1,931","1,561 ",+2,"485,078","+1,898","16,152",,"50,350",156,"42,293,166","4,235,259","9,985,970 ",Asia,20,"6,397",0
42,42,Saudi Arabia,"408,038","+1,028","6,858 ",+12,"391,362",+824,"9,818","1,145","11,577",195,"16,352,116","463,931","35,246,885 ",Asia,86,"5,140",2
43,43,Bulgaria,"390,911",,"15,518 ",,"314,273",,"61,120",765,"56,602","2,247","2,391,777","346,316","6,906,335 ",Europe,18,445,3
44,44,Malaysia,"381,813","+2,340","1,400 ",+11,"358,726","+1,910","21,687",248,"11,677",43,"8,783,027","268,614","32,697,551 ",Asia,86,"23,355",4
45,45,Slovakia,"377,473",+764,"11,304 ",+60,"255,300",,"110,869",411,"69,112","2,070","2,520,570","461,494","5,461,766 ",Europe,14,483,2
46,46,Ecuador,"362,843","+1,689","17,804 ",+60,"309,541",,"35,498",650,"20,319",997,"1,236,484","69,243","17,857,054 ",South America,49,"1,003",14
47,47,Panama,"361,319",,"6,192 ",,"351,228",,"3,899",105,"82,700","1,417","2,312,363","529,265","4,369,010 ",North America,12,706,2
48,48,Belarus,"347,316","+1,318","2,453 ",+10,"337,620","+1,393","7,243",,"36,765",260,"5,705,532","603,963","9,446,826 ",Europe,27,"3,851",2
49,49,Greece,"323,639","+3,010","9,713 ",+86,"278,690",,"35,236",831,"31,173",936,"7,629,407","734,862","10,382,100 ",Europe,32,"1,069",1
50,50,Croatia,"313,423","+3,117","6,692 ",+49,"291,351","+1,687","15,380",230,"76,727","1,638","1,723,697","421,969","4,084,894 ",Europe,13,610,2
51,51,Azerbaijan,"305,933","+2,075","4,235  ",+32,"269,965","+2,480","31,733",,"29,957",415,"3,141,335","307,602","10,212,350 ",Asia,33,"2,411",3
52,52,Georgia,"299,038","+1,310","3,971 ",+12,"282,869",+632,"12,198",,"75,078",997,"3,946,720","990,888","3,983,013 ",Asia,13,"1,003",1
53,53,Kazakhstan,"294,946","+2,696","3,459 ",+23,"252,598","+2,418","38,889",221,"15,559",182,"9,653,519","509,250","18,956,336 ",Asia,64,"5,480",2
54,54,Bolivia,"291,675","+1,313","12,695 ",+29,"240,336","+1,142","38,644",71,"24,718","1,076","1,070,832","90,746","11,800,288 ",South America,40,930,11
55,55,Nepal,"289,787","+2,220","3,112 ",+10,"276,093",+287,"10,582",,"9,805",105,"2,369,401","80,169","29,554,944 ",Asia,102,"9,497",12
56,56,Tunisia,"289,230",,"9,918 ",,"239,104",,"40,208",483,"24,269",832,"1,240,902","104,124","11,917,582 ",Africa,41,"1,202",10
57,57,Palestine,"286,028","+1,748","3,096 ",+18,"254,199","+2,536","28,733",165,"55,050",596,"1,698,129","326,825","5,195,830 ",Asia,18,"1,678",3
58,58,Dominican Republic,"262,404",+556,"3,435 ",+9,"219,645",+383,"39,324",188,"23,997",314,"1,378,669","126,079","10,934,977 ",North America,42,"3,183",8
59,59,Kuwait,"259,868",,"1,468 ",,"243,056",,"15,344",248,"60,140",340,"2,236,571","517,602","4,321,028 ",Asia,17,"2,943",2
60,60,Paraguay,"255,046",,"5,470 ",,"209,754",,"39,822",521,"35,410",759,"1,033,135","143,439","7,202,601 ",South America,28,"1,317",7
61,61,Moldova,"247,391",+700,"5,643 ",+27,"234,204",+923,"7,544",243,"61,442","1,401","949,995","235,940","4,026,427 ",Europe,16,714,4
62,62,Ethiopia,"245,155",,"3,439 ",,"181,935",,"59,781",965,"2,091",29,"2,514,749","21,452","117,229,360 ",Africa,478,"34,088",47
63,63,Denmark,"244,868",+803,"2,465 ",+2,"232,899",+708,"9,504",41,"42,156",424,"33,208,745","5,717,203","5,808,565 ",Europe,24,"2,356",0
64,64,Ireland,"244,695",+398,"4,856 ",+9,"226,272",+509,"13,567",47,"49,117",975,"4,313,778","865,888","4,981,913 ",Europe,20,"1,026",1
65,65,Lithuania,"236,533","+1,113","3,802 ",+14,"213,970",+852,"18,761",206,"87,877","1,413","2,652,037","985,282","2,691,652 ",Europe,11,708,1
66,66,Slovenia,"234,067","+1,034","4,176 ",+4,"217,715","+1,187","12,176",153,"112,577","2,008","1,140,099","548,344","2,079,167 ",Europe,9,498,2
67,67,Costa Rica,"231,967",,"3,104 ",,"199,166",,"29,697",269,"45,206",605,"919,324","179,158","5,131,361 ",North America,22,"1,653",6
68,68,Egypt,"218,041",,"12,820 ",,"164,368",,"40,853",90,"2,099",123,"2,677,262","25,774","103,873,875 ",Africa,476,"8,102",39
69,69,Guatemala,"214,700",,"7,279 ",,"192,519",,"14,902",5,"11,810",400,"1,176,613","64,720","18,179,938 ",North America,85,"2,498",15
70,70,Armenia,"210,518","+1,033","3,944 ",+25,"190,271",+583,"16,303",,"70,937","1,329","946,642","318,983","2,967,689 ",Asia,14,752,3
71,71,Honduras,"202,413",+736,"4,976 ",+13,"76,446",+107,"120,991",546,"20,180",496,"564,993","56,328","10,030,403 ",North America,50,"2,016",18
72,72,Qatar,"198,361",,391 ,,"175,431",,"22,539",459,"70,646",139,"1,849,568","658,724","2,807,805 ",Asia,14,"7,181",2
73,73,Bosnia and Herzegovina,"193,115","+1,239","8,082 ",+57,"150,458","+1,185","34,575",,"59,158","2,476","880,667","269,779","3,264,397 ",Europe,17,404,4
74,74,Venezuela,"185,736",,"1,944 ",,"168,418",,"15,374",289,"6,547",69,"3,359,014","118,395","28,371,170 ",South America,153,"14,594",8
75,75,Oman,"183,770","+1,077","1,926 ",+17,"163,750","+1,094","18,094",264,"35,273",370,"1,550,000","297,509","5,209,934 ",Asia,28,"2,705",3
76,76,Libya,"173,683",+594,"2,924 ",+5,"158,891",+539,"11,868",,"25,005",421,"937,519","134,973","6,945,974 ",Africa,40,"2,376",7
77,77,Uruguay,"169,327",,"2,022 ",,"139,590",,"27,715",522,"48,610",580,"1,657,931","475,954","3,483,388 ",South America,21,"1,723",2
78,78,Bahrain,"166,157",,605 ,,"154,711",,"10,841",95,"95,032",346,"3,934,735","2,250,430","1,748,437 ",Asia,11,"2,890",0
79,79,Nigeria,"164,423",,"2,061 ",,"154,406",,"7,956",11,782,10,"1,870,915","8,900","210,204,747 ",Africa,"1,278","101,992",112
80,80,Kenya,"153,488",+965,"2,540 ",+21,"105,279","+1,441","45,669",240,"2,805",46,"1,618,990","29,590","54,714,776 ",Africa,356,"21,541",34
81,81,North Macedonia,"148,618",+623,"4,556 ",+47,"125,593",+765,"18,469",124,"71,338","2,187","698,132","335,108","2,083,305 ",Europe,14,457,3
82,82,Myanmar,"142,661",+17,"3,206 ",,"131,908",+5,"7,547",,"2,608",59,"2,560,807","46,814","54,702,094 ",Asia,383,"17,062",21
83,83,Albania,"129,980",+138,"2,358 ",+5,"103,066",+465,"24,556",18,"45,206",820,"610,869","212,456","2,875,272 ",Europe,22,"1,219",5
84,84,Algeria,"120,174",+182,"3,172 ",+7,"83,765",+129,"33,237",19,"2,702",71,"230,861","5,190","44,482,821 ",Africa,370,"14,024",193
85,85,Estonia,"118,789",+472,"1,109 ",+5,"104,653","+1,067","13,027",58,"89,500",836,"1,244,142","937,383","1,327,251 ",Europe,11,"1,197",1
86,86,S. Korea,"115,926",+731,"1,806 ",+4,"105,877",+650,"8,243",116,"2,260",35,"8,497,594","165,630","51,304,613 ",Asia,443,"28,408",6
87,87,Latvia,"112,983",+759,"2,079 ",+8,"102,596",+306,"8,308",78,"60,438","1,112","2,162,978","1,157,049","1,869,392 ",Europe,17,899,1
88,88,Norway,"108,839",+252,734 ,+25,"88,952",,"19,153",47,"19,951",135,"5,009,274","918,257","5,455,197 ",Europe,50,"7,432",1
89,89,Sri Lanka,"98,050",+578,630 ,+5,"93,668",+121,"3,752",,"4,564",29,"2,374,627","110,524","21,485,260 ",Asia,219,"34,104",9
90,90,Cuba,"96,760","+1,006",547 ,+9,"91,034",+967,"5,179",62,"8,547",48,"3,429,088","302,895","11,321,062 ",North America,117,"20,697",3
91,91,Montenegro,"96,048",+154,"1,444 ",+3,"91,679",+276,"2,925",69,"152,911","2,299","364,369","580,085","628,130 ",Europe,7,435,2
92,92,Kyrgyzstan,"92,626",+306,"1,561 ",+4,"87,390",+161,"3,675",25,"14,013",236,"946,070","143,124","6,610,130 ",Asia,71,"4,235",7
93,93,Ghana,"91,783",+74,772 ,+1,"89,661",+57,"1,350",9,"2,905",24,"1,049,742","33,230","31,589,851 ",Africa,344,"40,919",30
94,94,Zambia,"91,119",+77,"1,238 ",+2,"88,956",+56,925,42,"4,849",66,"1,360,648","72,402","18,793,052 ",Africa,206,"15,180",14
95,95,Uzbekistan,"87,551",+326,640 ,+1,"84,717",+184,"2,194",23,"2,586",19,"1,377,915","40,698","33,856,766 ",Asia,387,"52,901",25
96,96,Finland,"84,797",+296,899 ,+6,"46,000",,"37,898",35,"15,285",162,"4,309,875","776,886","5,547,630 ",Europe,65,"6,171",1
97,97,Mozambique,"69,437",+128,805 ,+3,"62,342",+19,"6,290",43,"2,173",25,"507,194","15,874","31,951,225 ",Africa,460,"39,691",63
98,98,El Salvador,"67,851",,"2,086 ",+4,"63,982",,"1,783",60,"10,419",320,"892,504","137,046","6,512,447 ",North America,96,"3,122",7
99,99,Luxembourg,"65,604",+285,788 ,+2,"61,791",+197,"3,025",30,"103,459","1,243","2,589,959","4,084,407","634,109 ",Europe,10,805,0
100,100,Cameroon,"64,809",,939 ,,"57,821",,"6,049",385,"2,394",35,"1,257,949","46,467","27,071,599 ",Africa,418,"28,830",22
101,101,Singapore,"60,880",+15,30 ,,"60,576",+36,274,1,"10,341",5,"9,278,789","1,576,096","5,887,197 ",Asia,97,"196,240",1
102,102,Afghanistan,"58,346",+132,"2,561 ",+4,"52,301",+29,"3,484","1,124","1,472",65,"388,757","9,811","39,626,561 ",Asia,679,"15,473",102
103,103,Cyprus,"58,022",,295 ,,"39,061",,"18,666",68,"47,778",243,"4,455,645","3,669,006","1,214,401 ",Asia,21,"4,117",0
104,104,Namibia,"46,954",+79,609 ,+1,"45,039",+86,"1,306",33,"18,216",236,"374,942","145,461","2,577,618 ",Africa,55,"4,233",7
105,105,Thailand,"46,643","+1,458",110 ,+2,"29,371",+413,"17,162",1,667,2,"8,124,896","116,169","69,940,535 ",Asia,"1,499","635,823",9
106,106,Ivory Coast,"45,614",,275 ,,"45,199",,140,,"1,696",10,"573,182","21,309","26,898,002 ",Africa,590,"97,811",47
107,107,Botswana,"44,702",,684 ,,"39,733",,"4,285",1,"18,708",286,"976,728","408,762","2,389,478 ",Africa,53,"3,493",2
108,108,Jamaica,"44,337",+83,744 ,+6,"20,070",+108,"23,523",29,"14,921",250,"318,544","107,199","2,971,533 ",North America,67,"3,994",9
109,109,Uganda,"41,422",,341 ,,"40,898",,183,24,883,7,"991,038","21,137","46,887,088 ",Africa,"1,132","137,499",47
110,110,Senegal,"39,910",+74,"1,096 ",+1,"38,668",+68,146,11,"2,335",64,"467,877","27,370","17,094,772 ",Africa,428,"15,597",37
111,111,Zimbabwe,"37,875",,"1,554 ",,"35,058",,"1,263",12,"2,519",103,"402,475","26,768","15,035,793 ",Africa,397,"9,676",37
112,112,Malawi,"33,968",,"1,142 ",,"31,810",,"1,016",15,"1,740",58,"227,956","11,676","19,523,091 ",Africa,575,"17,096",86
113,113,Madagascar,"33,592",+390,569 ,+6,"26,610",+319,"6,413",348,"1,189",20,"170,976","6,051","28,257,209 ",Africa,841,"49,661",165
114,114,Sudan,"32,546",,"2,287 ",,"26,248",,"4,011",,729,51,"232,965","5,216","44,664,346 ",Africa,"1,372","19,530",192
115,115,Malta,"30,063",+24,411 ,,"29,130",+65,522,,"67,941",929,"851,157","1,923,575","442,487 ",Europe,15,"1,077",1
116,116,Australia,"29,574",+15,910 ,,"26,454",,"2,210",,"1,149",35,"16,443,963","638,934","25,736,547 ",Australia/Oceania,870,"28,282",2
117,117,DRC,"29,084",,748 ,,"26,108",,"2,228",,317,8,"145,261","1,584","91,722,743 ",Africa,"3,154","122,624",631
118,118,Maldives,"26,667",,71 ,,"23,803",,"2,793",68,"48,650",130,"692,619","1,263,578","548,141 ",Asia,21,"7,720",1
119,119,Mongolia,"25,364","+1,169",56 ,+5,"13,346",+486,"11,962",88,"7,639",17,"2,591,926","780,596","3,320,445 ",Asia,131,"59,294",1
120,120,Angola,"24,661",,565 ,,"22,647",,"1,449",23,732,17,"447,761","13,296","33,677,562 ",Africa,"1,366","59,606",75
121,121,Rwanda,"24,005",,327 ,,"22,560",,"1,118",6,"1,818",25,"1,264,616","95,749","13,207,678 ",Africa,550,"40,390",10
122,122,Gabon,"22,032",,136 ,,"18,706",,"3,190",34,"9,716",60,"693,064","305,646","2,267,541 ",Africa,103,"16,673",3
123,123,Guinea,"21,633",,139 ,,"18,991",,"2,503",24,"1,612",10,"421,175","31,394","13,415,948 ",Africa,620,"96,518",32
124,124,Syria,"21,433",,"1,468 ",,"15,088",,"4,877",,"1,201",82,"103,566","5,806","17,838,986 ",Asia,832,"12,152",172
125,125,Cabo Verde,"20,781",,194 ,,"18,350",,"2,237",23,"37,055",346,"142,081","253,346","560,819 ",Africa,27,"2,891",4
126,126,Mayotte,"19,849",,169 ,,"2,964",,"16,716",7,"71,385",608,"165,683","595,866","278,054 ",Africa,14,"1,645",2
127,127,Réunion,"19,343",,141 ,,"17,653",,"1,549",36,"21,482",157,"100,098","111,167","900,431 ",Africa,47,"6,386",9
128,128,French Polynesia,"18,720",,141 ,,"4,842",,"13,737",4,"66,334",500,"26,355","93,388","282,210 ",Australia/Oceania,15,"2,001",11
129,129,Eswatini,"18,417",,671 ,,"17,718",,28,3,"15,744",574,"178,676","152,744","1,169,777 ",Africa,64,"1,743",7
130,130,French Guiana,"18,261",,96 ,,"9,995",,"8,170",13,"59,904",315,"203,343","667,050","304,839 ",South America,17,"3,175",1
131,131,Mauritania,"18,156",,454 ,,"17,519",,183,14,"3,825",96,"223,135","47,007","4,746,840 ",Africa,261,"10,456",21
132,132,Somalia,"13,324",,678 ,,"5,518",,"7,128",,820,42,"106,063","6,529","16,245,562 ",Africa,"1,219","23,961",153
133,134,Mali,"13,246",,444 ,,"7,613",,"5,189",,639,21,"247,184","11,933","20,714,145 ",Africa,"1,564","46,653",84
134,135,Burkina Faso,"13,167",,155 ,,"12,812",,200,,616,7,"177,733","8,321","21,358,829 ",Africa,"1,622","137,799",120
135,136,Haiti,"12,918",,251 ,,"11,791",,876,,"1,122",22,"60,085","5,219","11,513,691 ",North America,891,"45,871",192
136,137,Andorra,"12,917",+43,123 ,,"12,334",+49,460,25,"166,964","1,590","193,595","2,502,391","77,364 ",Europe,6,629,0
137,138,Guadeloupe,"12,717",,176 ,,"2,242",,"10,299",13,"31,778",440,"164,128","410,136","400,179 ",North America,31,"2,274",2
138,139,Togo,"12,610",,121 ,,"10,350",,"2,139",,"1,495",14,"301,831","35,791","8,433,191 ",Africa,669,"69,696",28
139,140,Belize,"12,568",,318 ,,"12,161",,89,1,"31,156",788,"111,668","276,826","403,387 ",North America,32,"1,269",4
140,141,Guyana,"11,972",,273 ,,"10,297",,"1,402",13,"15,162",346,"108,883","137,897","789,595 ",South America,66,"2,892",7
141,142,Curaçao,"11,934",,94 ,,"9,572",,"2,268",22,"72,489",571,"90,143","547,546","164,631 ",North America,14,"1,751",2
142,143,Hong Kong,"11,705",+1,209 ,,"11,302",+15,194,3,"1,551",28,"11,193,673","1,483,451","7,545,696 ",Asia,645,"36,104",1
143,144,Lesotho,"10,720",,316 ,,"5,868",,"4,536",,"4,973",147,"73,762","34,215","2,155,852 ",Africa,201,"6,822",29
144,145,Martinique,"10,611",,68 ,,98,,"10,445",24,"28,294",181,"149,454","398,511","375,031 ",North America,35,"5,515",3
145,146,Djibouti,"10,557",,123 ,,"9,607",,827,,"10,563",123,"144,891","144,967","999,479 ",Africa,95,"8,126",7
146,147,South Sudan,"10,486",+8,114 ,,"10,250",+35,122,,928,10,"144,957","12,830","11,298,696 ",Africa,"1,078","99,111",78
147,148,Aruba,"10,399",,94 ,,"9,932",,373,14,"97,069",877,"141,669","1,322,403","107,130 ",North America,10,"1,140",1
148,149,Papua New Guinea,"10,197",+245,91 ,,"7,364",,"2,742",,"1,123",10,"73,276","8,068","9,082,198 ",Australia/Oceania,891,"99,804",124
149,150,Congo,"10,084",,139 ,,"8,208",,"1,737",,"1,792",25,"92,500","16,441","5,626,162 ",Africa,558,"40,476",61
150,151,Bahamas,"9,800",,194 ,,"9,059",,547,4,"24,732",490,"82,713","208,738","396,252 ",North America,40,"2,043",5
151,152,Suriname,"9,687",,188 ,,"8,900",,599,19,"16,395",318,"47,668","80,678","590,841 ",South America,61,"3,143",12
152,153,Trinidad and Tobago,"9,135",,157 ,,"7,996",,982,8,"6,510",112,"122,901","87,591","1,403,124 ",North America,154,"8,937",11
153,154,Cambodia,"7,747",+303,54 ,+5,"2,794",+239,"4,899",,458,3,"811,284","47,994","16,903,887 ",Asia,"2,182","313,035",21
154,155,Benin,"7,720",,97 ,,"7,510",,113,35,624,8,"581,843","47,015","12,375,703 ",Africa,"1,603","127,585",21
155,156,Equatorial Guinea,"7,505",,106 ,,"7,016",,383,11,"5,213",74,"116,266","80,766","1,439,535 ",Africa,192,"13,581",12
156,157,Nicaragua,"6,835",,181 ,,"4,225",,"2,429",,"1,022",27,,,"6,687,591 ",North America,978,"36,948",
157,158,Iceland,"6,362",+12,29 ,,"6,213",+5,120,3,"18,547",85,"580,974","1,693,713","343,018 ",Europe,54,"11,828",1
158,159,CAR,"5,929",,79 ,,"5,112",,738,2,"1,211",16,"40,907","8,354","4,896,784 ",Africa,826,"61,985",120
159,160,Yemen,"5,918",,"1,138 ",,"2,281",,"2,499",23,195,37,"22,934",756,"30,349,225 ",Asia,"5,128","26,669","1,323"
160,161,Gambia,"5,784",,170 ,,"5,225",,389,3,"2,341",69,"61,900","25,055","2,470,613 ",Africa,427,"14,533",40
161,162,Niger,"5,140",,191 ,,"4,795",,154,23,206,8,"96,087","3,859","24,900,476 ",Africa,"4,844","130,369",259
162,163,San Marino,"5,044",+3,88 ,,"4,794",+37,162,4,"148,405","2,589","59,151","1,740,350","33,988 ",Europe,7,386,1
163,164,Seychelles,"5,016",+4,25 ,,"4,551",+16,440,,"50,751",253,"21,504","217,575","98,835 ",Africa,20,"3,953",5
164,165,Chad,"4,723",,169 ,,"4,353",,201,,281,10,"110,863","6,599","16,800,273 ",Africa,"3,557","99,410",152
165,166,Saint Lucia,"4,419",,69 ,,"4,265",,85,1,"23,977",374,"38,924","211,199","184,300 ",North America,42,"2,671",5
166,167,Gibraltar,"4,291",,94 ,,"4,181",,16,1,"127,394","2,791","226,510","6,724,757","33,683 ",Europe,8,358,0
167,168,Channel Islands,"4,055",+2,86 ,,"3,956",,13,1,"23,152",491,"399,901","2,283,244","175,146 ",Europe,43,"2,037",0
168,169,Sierra Leone,"4,041",,79 ,,"2,857",,"1,105",,499,10,"119,155","14,699","8,106,291 ",Africa,"2,006","102,611",68
169,170,Comoros,"3,822",+2,146 ,,"3,645",+19,31,,"4,322",165,,,"884,361 ",Africa,231,"6,057",
170,171,Barbados,"3,793",,44 ,,"3,692",,57,,"13,186",153,"149,423","519,449","287,657 ",North America,76,"6,538",2
171,172,Guinea-Bissau,"3,713",,66 ,,"3,170",,477,9,"1,852",33,"62,111","30,978","2,005,027 ",Africa,540,"30,379",32
172,173,Burundi,"3,643",,6 ,,773,,"2,864",,299,0.5,"90,019","7,396","12,171,968 ",Africa,"3,341","2,028,661",135
173,174,Eritrea,"3,548",,10 ,,"3,341",,197,,990,3,"23,693","6,608","3,585,649 ",Africa,"1,011","358,565",151
174,175,Liechtenstein,"2,836",,56  ,,"2,698",,82,6,"74,210","1,465","32,252","843,940","38,216 ",Europe,13,682,1
175,176,Vietnam,"2,800",,35 ,,"2,490",,275,,29,0.4,"2,598,753","26,507","98,039,824 ",Asia,"35,014","2,801,138",38
176,177,New Zealand,"2,599",+2,26 ,,"2,490",+5,83,,520,5,"1,982,784","396,390","5,002,100 ",Australia/Oceania,"1,925","192,388",3
177,178,Monaco,"2,413",,31 ,,"2,306",,76,4,"61,143",786,"51,953","1,316,432","39,465 ",Europe,16,"1,273",1
178,179,Turks and Caicos,"2,369",,17 ,,"2,291",,61,2,"60,533",434,"45,274","1,156,838","39,136 ",North America,17,"2,302",1
179,180,Sao Tome and Principe,"2,283",,35 ,,"2,219",,29,,"10,265",157,"12,597","56,640","222,405 ",Africa,97,"6,354",18
180,181,Bermuda,"2,226",+12,20 ,,"1,313",+23,893,35,"35,849",322,"228,306","3,676,840","62,093 ",North America,28,"3,105",0
181,182,Sint Maarten,"2,211",,27 ,,"2,161",,23,1,"51,104",624,"26,322","608,390","43,265 ",North America,20,"1,602",2
182,183,Liberia,"2,091",+5,85 ,,"1,936",+37,70,2,406,16,"92,799","18,011","5,152,314 ",Africa,"2,464","60,615",56
183,184,St. Vincent Grenadines,"1,819",,10 ,,"1,686",,123,2,"16,355",90,"44,286","398,173","111,223 ",North America,61,"11,122",3
184,185,Saint Martin,"1,702",,12 ,,"1,399",,291,7,"43,427",306,"27,588","703,919","39,192 ",North America,23,"3,266",1
185,186,Isle of Man,"1,582",+5,29 ,,"1,543",,10,1,"18,526",340,"44,761","524,170","85,394 ",Europe,54,"2,945",2
186,187,Caribbean Netherlands,"1,548",,15 ,,"1,456",,77,,"58,596",568,"10,025","379,476","26,418 ",North America,17,"1,761",3
187,188,Timor-Leste,"1,509",+57,2 ,,760,+33,747,,"1,127",1,"59,291","44,298","1,338,472 ",Asia,887,"669,236",23
188,189,Antigua and Barbuda,"1,217",,31 ,,995,,191,4,"12,346",314,"16,493","167,309","98,578 ",North America,81,"3,180",6
189,190,Mauritius,"1,204",+1,15 ,,987,+53,202,,945,12,"358,675","281,653","1,273,462 ",Africa,"1,058","84,897",4
190,191,Taiwan,"1,082",+4,11 ,,"1,038",,33,,45,0.5,"513,203","21,517","23,851,377 ",Asia,"22,044","2,168,307",46
191,192,Bhutan,986,+20,1 ,,883,,102,,"1,267",1,"677,407","870,249","778,406 ",Asia,789,"778,406",1
192,193,St. Barth,934,,1 ,,462,,471,,"94,334",101,"26,385","2,664,882","9,901 ",North America,11,"9,901",0
193,195,Faeroe Islands,663,,1 ,,660,,2,,"13,527",20,"249,456","5,089,692","49,012 ",Europe,74,"49,012",0
194,196,Cayman Islands,531,,2 ,,508,,21,,"8,004",30,"87,203","1,314,506","66,339 ",North America,125,"33,170",1
195,197,Tanzania,509,,21 ,,183,,305,7,8,0.3,,,"61,085,878 ",Africa,"120,012","2,908,851",
196,198,Wallis and Futuna,440,+1,5 ,,44,,391,4,"39,711",451,"12,359","1,115,433","11,080 ",Australia/Oceania,25,"2,216",1
197,199,Brunei ,223,,3 ,,210,,10,,506,7,"118,338","268,442","440,832 ",Asia,"1,977","146,944",4
198,200,British Virgin Islands,187,,1 ,,182,,4,,"6,153",33,"35,791","1,177,645","30,392 ",North America,163,"30,392",1
199,201,Dominica,172,, ,,165,,7,,"2,385",,"14,384","199,420","72,129 ",North America,419,,5
200,202,Grenada,157,,1 ,,154,,2,,"1,390",9,"25,623","226,871","112,941 ",North America,719,"112,941",4
201,203,New Caledonia,124,, ,,58,,66,,431,,"29,618","102,949","287,695 ",Australia/Oceania,"2,320",,10
202,204,Laos,88,+28, ,,49,,39,,12,,"149,401","20,299","7,359,914 ",Asia,"83,635",,49
203,205,Fiji,78,+1,2 ,,65,,11,,87,2,"43,487","48,231","901,649 ",Australia/Oceania,"11,560","450,825",21
204,206,Falkland Islands,62,, ,,55,,7,,"17,416",,"7,191","2,019,944","3,560 ",South America,57,,0
205,207,Macao,49,, ,,48,,1,,75,,"4,418","6,731","656,410 ",Asia,"13,396",,149
206,210,Anguilla,29,, ,,25,,4,,"1,919",,"17,376","1,149,967","15,110 ",North America,521,,1
207,211,Vatican City,27,, ,,15,,12,,"33,624",,,,803 ,Europe,30,,
208,212,Saint Pierre Miquelon,25,, ,,24,,1,,"4,332",,"5,318","921,504","5,771 ",North America,231,,1
209,214,Solomon Islands,20,, ,,18,,2,,29,,"4,500","6,426","700,288 ",Australia/Oceania,"35,014",,156
210,215,Western Sahara,10,,1 ,,8,,1,,16,2,,,"609,025 ",Africa,"60,903","609,025",
211,217,Vanuatu,4,,1 ,,1,,2,,13,3,470,"1,502","312,859 ",Australia/Oceania,"78,215","312,859",666
212,219,Samoa,3,, ,,2,,1,,15,,,,"199,471 ",Australia/Oceania,"66,490",,
213,221,China,"90,541",+21,"4,636 ",,"85,600",+27,305,6,63,3,"160,000,000","111,163","1,439,323,776 ",Asia,"15,897","310,467",9
214,133,Tajikistan,"13,308",,90 ,,"13,218",,0,,"1,371",9,,,"9,708,257 ",Asia,730,"107,870",
215,194,Diamond Princess,712,,13 ,,699,,0,,,,,, ,,,,
216,213,Montserrat,20,,1 ,,19,,0,,"4,005",200,"1,313","262,915","4,994 ",North America,250,"4,994",4
217,216,MS Zaandam,9,,2 ,,7,,0,,,,,, ,,,,
218,208,Saint Kitts and Nevis,44,, ,,44,,0,,822,,"12,381","231,421","53,500 ",North America,"1,216",,4
219,209,Greenland,31,, ,,31,,0,,545,,"20,669","363,577","56,849 ",North America,"1,834",,3
220,218,Marshall Islands,4,, ,,4,,0,,67,,,,"59,510 ",Australia/Oceania,"14,878",,
221,220,Micronesia,1,, ,,1,,0,,9,,,,"115,988 ",Australia/Oceania,"115,988",,
